,Sparsity Index,Masks,1-O motifs (real),S-O diverging motifs (real),S-O converging motifs (real),S-O chain motifs (real),T-O chain motifs (real),T-O diverging motifs (real),T-O converging motifs (real),T-O Bi-Fan motifs (real),T-O Bi-Parallel motifs (real),Avg - S-O diverging motifs (random),Avg - S-O converging motifs (random),Avg - S-O chain motifs (random),Avg - T-O chain motifs (random),Avg - T-O diverging motifs (random),Avg - T-O converging motifs (random),Avg - T-O Bi-Fan motifs,Avg - T-O Bi-Parallel motifs,SD - S-O diverging motifs (random),SD - S-O converging motifs (random),SD - S-O chain motifs (random),SD - T-O chain motifs (random),SD - T-O diverging motifs (random),SD - T-O converging motifs (random),SD - T-O Bi-Fan motifs,SD - T-O Bi-Parallel motifs,Z - S-O diverging motifs,Z - S-O converging motifs,Z - S-O chain motifs,Z - T-O chain motifs,Z - T-O diverging motifs,Z - T-O converging motifs,Z - T-O Bi-Fan motifs,Z - T-O Bi-Parallel motifs,Number of nodes in each layer with downstream output,Number of nodes in each layer with upstream input,Number of connections in each layer
0,0.0,"[array([[1., 1., 1., ..., 1., 1., 1.],
       [1., 1., 1., ..., 1., 1., 1.],
       [1., 1., 1., ..., 1., 1., 1.],
       ...,
       [1., 1., 1., ..., 1., 1., 1.],
       [1., 1., 1., ..., 1., 1., 1.],
       [1., 1., 1., ..., 1., 1., 1.]], dtype=float32), array([[1., 1., 1., ..., 1., 1., 1.],
       [1., 1., 1., ..., 1., 1., 1.],
       [1., 1., 1., ..., 1., 1., 1.],
       ...,
       [1., 1., 1., ..., 1., 1., 1.],
       [1., 1., 1., ..., 1., 1., 1.],
       [1., 1., 1., ..., 1., 1., 1.]], dtype=float32), array([[1., 1., 1., ..., 1., 1., 1.],
       [1., 1., 1., ..., 1., 1., 1.],
       [1., 1., 1., ..., 1., 1., 1.],
       ...,
       [1., 1., 1., ..., 1., 1., 1.],
       [1., 1., 1., ..., 1., 1., 1.],
       [1., 1., 1., ..., 1., 1., 1.]], dtype=float32), array([[1., 1., 1., ..., 1., 1., 1.],
       [1., 1., 1., ..., 1., 1., 1.],
       [1., 1., 1., ..., 1., 1., 1.],
       ...,
       [1., 1., 1., ..., 1., 1., 1.],
       [1., 1., 1., ..., 1., 1., 1.],
       [1., 1., 1., ..., 1., 1., 1.]], dtype=float32), array([[1., 1., 1., 1., 1., 1., 1.],
       [1., 1., 1., 1., 1., 1., 1.],
       [1., 1., 1., 1., 1., 1., 1.],
       [1., 1., 1., 1., 1., 1., 1.],
       [1., 1., 1., 1., 1., 1., 1.],
       [1., 1., 1., 1., 1., 1., 1.],
       [1., 1., 1., 1., 1., 1., 1.],
       [1., 1., 1., 1., 1., 1., 1.],
       [1., 1., 1., 1., 1., 1., 1.],
       [1., 1., 1., 1., 1., 1., 1.],
       [1., 1., 1., 1., 1., 1., 1.],
       [1., 1., 1., 1., 1., 1., 1.],
       [1., 1., 1., 1., 1., 1., 1.],
       [1., 1., 1., 1., 1., 1., 1.],
       [1., 1., 1., 1., 1., 1., 1.],
       [1., 1., 1., 1., 1., 1., 1.],
       [1., 1., 1., 1., 1., 1., 1.]], dtype=float32)]",331735.0,64925877.0,65466152.0,174023.0,8607293555.0,65466152.0,13623.0,12813935856.0,336840.03125,64925877.0,65466152.0,174023.0,8607293555.0,65466152.0,13623.0,12813935856.0,336840.0,0.0,0.0,0.0,0.0,0.0,0.0,0.0,0.0,,,,,,,,inf,"[11, 401, 401, 401, 17, 7]","[0, 400, 400, 400, 16, 7]","[[4000, 400], [160000, 400], [160000, 400], [6400, 16], [112, 7]]"
1,1.0,"[array([[1., 1., 1., ..., 1., 1., 0.],
       [1., 1., 1., ..., 1., 1., 1.],
       [1., 1., 1., ..., 1., 1., 0.],
       ...,
       [0., 1., 1., ..., 1., 1., 1.],
       [1., 0., 0., ..., 0., 1., 1.],
       [0., 0., 0., ..., 0., 0., 0.]], dtype=float32), array([[1., 1., 1., ..., 1., 1., 1.],
       [1., 1., 1., ..., 1., 1., 1.],
       [1., 0., 1., ..., 1., 1., 1.],
       ...,
       [1., 1., 1., ..., 0., 1., 1.],
       [1., 1., 1., ..., 1., 0., 1.],
       [0., 1., 1., ..., 1., 0., 0.]], dtype=float32), array([[1., 1., 1., ..., 1., 0., 1.],
       [1., 1., 1., ..., 1., 1., 1.],
       [1., 1., 1., ..., 1., 1., 1.],
       ...,
       [1., 0., 1., ..., 1., 1., 1.],
       [1., 1., 1., ..., 1., 1., 1.],
       [1., 0., 0., ..., 1., 1., 0.]], dtype=float32), array([[1., 1., 1., ..., 0., 1., 1.],
       [1., 1., 0., ..., 1., 1., 1.],
       [1., 1., 1., ..., 1., 1., 1.],
       ...,
       [1., 1., 1., ..., 1., 0., 1.],
       [1., 1., 1., ..., 1., 1., 0.],
       [0., 0., 1., ..., 0., 0., 0.]], dtype=float32), array([[1., 1., 1., 1., 1., 1., 1.],
       [1., 1., 1., 1., 1., 1., 1.],
       [1., 1., 1., 1., 1., 0., 0.],
       [0., 1., 1., 1., 0., 0., 1.],
       [1., 1., 1., 1., 1., 1., 1.],
       [0., 1., 1., 0., 1., 1., 1.],
       [1., 1., 1., 1., 1., 1., 1.],
       [1., 1., 1., 1., 1., 1., 1.],
       [1., 1., 1., 1., 1., 0., 1.],
       [1., 1., 1., 1., 1., 1., 1.],
       [0., 1., 1., 1., 0., 1., 1.],
       [1., 1., 1., 1., 1., 1., 1.],
       [1., 1., 1., 1., 0., 1., 0.],
       [0., 0., 0., 1., 1., 0., 0.],
       [1., 1., 1., 1., 1., 1., 1.],
       [1., 1., 1., 1., 1., 1., 1.],
       [0., 1., 0., 0., 0., 0., 0.]], dtype=float32)]",281228.0,46755250.0,47154672.0,174023.0,5267730083.0,47154672.0,13623.0,6660511507.0,230348.0,46753369.2,47153681.7,174023.0,5267101632.7,47153681.7,13623.0,6660344745.4,2322756.6,1220.7489322360907,876.8898385138743,0.0,415808.4167135015,876.8898385138743,0.0,443210.6766168382,5111.891369911706,1.5406935450288612,1.1293322792693659,,1.5113938889630578,1.1293322792693659,,0.3762580840184705,-409.32180451169114,"[11, 401, 401, 401, 17, 7]","[0, 400, 400, 400, 16, 7]","[[3399, 20], [135999, 117], [135999, 152], [5439, 7], [95, 1]]"
2,2.0,"[array([[1., 0., 0., ..., 1., 1., 0.],
       [1., 1., 1., ..., 1., 1., 1.],
       [1., 1., 1., ..., 1., 1., 0.],
       ...,
       [0., 1., 0., ..., 1., 1., 1.],
       [0., 0., 0., ..., 0., 1., 1.],
       [0., 0., 0., ..., 0., 0., 0.]], dtype=float32), array([[1., 1., 0., ..., 1., 1., 1.],
       [1., 1., 1., ..., 1., 1., 1.],
       [1., 0., 1., ..., 0., 1., 1.],
       ...,
       [0., 1., 0., ..., 0., 1., 1.],
       [1., 1., 1., ..., 1., 0., 1.],
       [0., 0., 0., ..., 1., 0., 0.]], dtype=float32), array([[1., 1., 1., ..., 1., 0., 1.],
       [1., 1., 1., ..., 1., 1., 1.],
       [1., 1., 1., ..., 1., 1., 1.],
       ...,
       [1., 0., 1., ..., 1., 1., 1.],
       [1., 1., 1., ..., 1., 1., 1.],
       [1., 0., 0., ..., 0., 1., 0.]], dtype=float32), array([[1., 1., 1., ..., 0., 1., 1.],
       [1., 1., 0., ..., 1., 1., 1.],
       [1., 1., 1., ..., 1., 1., 1.],
       ...,
       [1., 1., 1., ..., 1., 0., 1.],
       [1., 1., 1., ..., 0., 1., 0.],
       [0., 0., 1., ..., 0., 0., 0.]], dtype=float32), array([[1., 1., 1., 1., 1., 1., 1.],
       [1., 1., 1., 1., 1., 1., 1.],
       [0., 0., 0., 1., 1., 0., 0.],
       [0., 1., 1., 1., 0., 0., 0.],
       [0., 0., 1., 1., 0., 1., 0.],
       [0., 1., 1., 0., 0., 1., 1.],
       [1., 1., 1., 1., 1., 1., 1.],
       [1., 1., 1., 1., 1., 1., 1.],
       [1., 1., 1., 1., 0., 0., 1.],
       [1., 1., 1., 1., 1., 1., 1.],
       [0., 1., 1., 1., 0., 1., 1.],
       [1., 1., 1., 1., 1., 1., 1.],
       [1., 1., 1., 0., 0., 1., 0.],
       [0., 0., 0., 1., 1., 0., 0.],
       [1., 1., 1., 0., 1., 1., 1.],
       [1., 1., 1., 1., 1., 1., 1.],
       [0., 1., 0., 0., 0., 0., 0.]], dtype=float32)]",248060.0,36398987.0,36690133.0,174023.0,3620048260.0,36690133.0,13623.0,4036359936.0,145124.0,36391726.2,36687202.7,174023.0,3617915714.9,36687202.3,13623.0,4035429333.8,879289.5,1349.4474424741409,1540.7881136324718,0.0,399542.83688526094,1540.8938279092717,0.0,337337.5534709015,4960.447790046557,5.380572648820412,1.901818928943264,,5.337462977999328,1.9019480427015771,,2.7586676621821247,-148.00387607609701,"[11, 401, 401, 401, 17, 7]","[0, 400, 400, 400, 16, 7]","[[2999, 19], [119999, 80], [119999, 76], [4799, 5], [83, 1]]"
3,3.0,"[array([[1., 0., 0., ..., 1., 1., 0.],
       [1., 1., 1., ..., 1., 0., 1.],
       [1., 1., 0., ..., 1., 1., 0.],
       ...,
       [0., 1., 0., ..., 0., 1., 1.],
       [0., 0., 0., ..., 0., 1., 0.],
       [0., 0., 0., ..., 0., 0., 0.]], dtype=float32), array([[1., 1., 0., ..., 1., 0., 1.],
       [1., 1., 1., ..., 1., 1., 1.],
       [1., 0., 1., ..., 0., 1., 1.],
       ...,
       [0., 1., 0., ..., 0., 1., 1.],
       [1., 1., 1., ..., 1., 0., 1.],
       [0., 0., 0., ..., 1., 0., 0.]], dtype=float32), array([[1., 1., 1., ..., 1., 0., 1.],
       [0., 1., 1., ..., 1., 1., 1.],
       [1., 1., 1., ..., 1., 1., 0.],
       ...,
       [1., 0., 1., ..., 1., 0., 1.],
       [1., 1., 1., ..., 1., 1., 0.],
       [0., 0., 0., ..., 0., 0., 0.]], dtype=float32), array([[1., 1., 0., ..., 0., 1., 0.],
       [1., 1., 0., ..., 0., 1., 0.],
       [1., 1., 1., ..., 1., 1., 1.],
       ...,
       [1., 1., 1., ..., 1., 0., 1.],
       [1., 1., 1., ..., 0., 1., 0.],
       [0., 0., 0., ..., 0., 0., 0.]], dtype=float32), array([[1., 1., 0., 1., 0., 0., 0.],
       [1., 1., 1., 1., 1., 1., 1.],
       [0., 0., 0., 1., 1., 0., 0.],
       [0., 1., 1., 1., 0., 0., 0.],
       [0., 0., 0., 1., 0., 0., 0.],
       [0., 1., 1., 0., 0., 1., 1.],
       [1., 1., 1., 1., 1., 1., 1.],
       [1., 1., 1., 1., 1., 1., 1.],
       [1., 1., 1., 0., 0., 0., 0.],
       [1., 1., 1., 0., 1., 1., 1.],
       [0., 1., 1., 0., 0., 1., 0.],
       [1., 1., 1., 1., 1., 1., 1.],
       [1., 1., 1., 0., 0., 1., 0.],
       [0., 0., 0., 1., 1., 0., 0.],
       [1., 1., 1., 0., 1., 1., 1.],
       [1., 1., 1., 1., 1., 1., 1.],
       [0., 1., 0., 0., 0., 0., 0.]], dtype=float32)]",214926.0,27347555.0,27552056.0,174008.0,2359159086.0,27552049.0,13623.0,2278599139.0,197877.0,27331409.2,27543942.3,174005.0,2355019734.4,27543940.7,13623.0,2276180539.7,1248936184.1,2238.40204908174,1592.505088078388,3.4641016151377544,580079.6333826742,1592.7367118683906,0.0,317675.9064536092,9687114.54518563,7.213092038860596,5.094928776516332,0.8660254037844387,7.135833361122688,5.090797455462145,,7.613417482617252,-128.90714786898093,"[11, 401, 401, 401, 17, 7]","[0, 400, 400, 400, 16, 7]","[[2599, 3], [103999, 50], [103999, 41], [4159, 3], [72, 1]]"
4,4.0,"[array([[1., 0., 0., ..., 1., 1., 0.],
       [1., 1., 0., ..., 1., 0., 1.],
       [1., 1., 0., ..., 1., 1., 0.],
       ...,
       [0., 1., 0., ..., 0., 1., 1.],
       [0., 0., 0., ..., 0., 1., 0.],
       [0., 0., 0., ..., 0., 0., 0.]], dtype=float32), array([[1., 1., 0., ..., 1., 0., 1.],
       [1., 0., 1., ..., 1., 1., 1.],
       [1., 0., 0., ..., 0., 0., 1.],
       ...,
       [0., 1., 0., ..., 0., 1., 0.],
       [1., 1., 1., ..., 1., 0., 1.],
       [0., 0., 0., ..., 1., 0., 0.]], dtype=float32), array([[0., 1., 1., ..., 1., 0., 1.],
       [0., 1., 1., ..., 1., 1., 1.],
       [1., 0., 1., ..., 1., 1., 0.],
       ...,
       [0., 0., 0., ..., 1., 0., 1.],
       [1., 0., 1., ..., 1., 1., 0.],
       [0., 0., 0., ..., 0., 0., 0.]], dtype=float32), array([[0., 1., 0., ..., 0., 1., 0.],
       [0., 1., 0., ..., 0., 1., 0.],
       [1., 1., 0., ..., 1., 0., 1.],
       ...,
       [1., 1., 1., ..., 1., 0., 1.],
       [1., 1., 1., ..., 0., 1., 0.],
       [0., 0., 0., ..., 0., 0., 0.]], dtype=float32), array([[1., 1., 0., 0., 0., 0., 0.],
       [1., 0., 1., 1., 1., 1., 1.],
       [0., 0., 0., 1., 1., 0., 0.],
       [0., 1., 0., 1., 0., 0., 0.],
       [0., 0., 0., 1., 0., 0., 0.],
       [0., 1., 0., 0., 0., 1., 1.],
       [1., 1., 1., 1., 1., 1., 1.],
       [1., 1., 1., 1., 0., 1., 1.],
       [1., 1., 1., 0., 0., 0., 0.],
       [1., 1., 1., 0., 1., 1., 1.],
       [0., 1., 1., 0., 0., 0., 0.],
       [1., 1., 0., 1., 1., 1., 1.],
       [0., 1., 1., 0., 0., 0., 0.],
       [0., 0., 0., 1., 1., 0., 0.],
       [1., 1., 1., 0., 1., 1., 1.],
       [1., 1., 1., 0., 1., 1., 0.],
       [0., 0., 0., 0., 0., 0., 0.]], dtype=float32)]",181646.0,19570982.0,19682846.0,173576.0,1430585400.0,19682830.0,13607.0,1166560232.0,149983.0,19545854.9,19674015.6,173579.8,1425091778.2,19674007.0,13607.0,1164094210.5,1241544577.9,2236.1747819782677,3418.995018032833,6.957010852370435,490704.64529667265,3418.9234497946213,0.0,544274.0522515085,329575.6025370439,11.236644023761148,2.582747255677256,-0.5462115958455921,11.195373536108653,2.580636896251657,,4.530845242022403,-3766.645908689399,"[11, 400, 401, 401, 16, 7]","[0, 399, 400, 400, 16, 7]","[[2199, 3], [87787, 44], [87999, 32], [3519, 2], [61, 0]]"
5,5.0,"[array([[1., 0., 0., ..., 1., 1., 0.],
       [1., 0., 0., ..., 1., 0., 1.],
       [1., 1., 0., ..., 1., 1., 0.],
       ...,
       [0., 0., 0., ..., 0., 0., 0.],
       [0., 0., 0., ..., 0., 1., 0.],
       [0., 0., 0., ..., 0., 0., 0.]], dtype=float32), array([[1., 1., 0., ..., 1., 0., 1.],
       [1., 0., 1., ..., 1., 1., 1.],
       [1., 0., 0., ..., 0., 0., 1.],
       ...,
       [0., 1., 0., ..., 0., 1., 0.],
       [0., 1., 0., ..., 1., 0., 0.],
       [0., 0., 0., ..., 1., 0., 0.]], dtype=float32), array([[0., 1., 1., ..., 1., 0., 1.],
       [0., 0., 1., ..., 1., 1., 1.],
       [0., 0., 1., ..., 1., 1., 0.],
       ...,
       [0., 0., 0., ..., 1., 0., 0.],
       [1., 0., 1., ..., 1., 1., 0.],
       [0., 0., 0., ..., 0., 0., 0.]], dtype=float32), array([[0., 1., 0., ..., 0., 1., 0.],
       [0., 1., 0., ..., 0., 1., 0.],
       [1., 1., 0., ..., 1., 0., 1.],
       ...,
       [1., 1., 1., ..., 1., 0., 1.],
       [1., 1., 1., ..., 0., 1., 0.],
       [0., 0., 0., ..., 0., 0., 0.]], dtype=float32), array([[1., 1., 0., 0., 0., 0., 0.],
       [1., 0., 1., 1., 1., 1., 1.],
       [0., 0., 0., 0., 1., 0., 0.],
       [0., 0., 0., 1., 0., 0., 0.],
       [0., 0., 0., 1., 0., 0., 0.],
       [0., 1., 0., 0., 0., 1., 1.],
       [1., 1., 1., 1., 0., 0., 1.],
       [1., 1., 0., 1., 0., 1., 1.],
       [1., 1., 1., 0., 0., 0., 0.],
       [1., 0., 0., 0., 0., 1., 1.],
       [0., 1., 1., 0., 0., 0., 0.],
       [1., 1., 0., 1., 1., 0., 1.],
       [0., 1., 1., 0., 0., 0., 0.],
       [0., 0., 0., 0., 1., 0., 0.],
       [1., 1., 1., 0., 1., 1., 1.],
       [1., 1., 1., 0., 1., 0., 0.],
       [0., 0., 0., 0., 0., 0., 0.]], dtype=float32)]",148112.0,13073042.0,13090843.0,172267.0,783629778.0,13090815.0,13559.0,520348733.0,65409.0,13045191.3,13079144.4,172284.5,778671784.3,13079118.2,13559.0,518472971.6,553280830.8,2603.1082723885647,1348.099501767828,17.309278179956294,460759.9131731671,1348.1719145239272,0.0,268058.21131454926,243934.13535706722,10.699017130948596,8.677846097160252,-1.011018473333253,10.760471035458087,8.676044853026903,,6.9975897802246,-2267.8885060109005,"[11, 397, 401, 401, 16, 7]","[0, 396, 400, 400, 16, 7]","[[1799, 3], [71328, 35], [71999, 18], [2879, 1], [50, 0]]"
6,6.0,"[array([[1., 0., 0., ..., 1., 1., 0.],
       [0., 0., 0., ..., 0., 0., 0.],
       [1., 1., 0., ..., 1., 1., 0.],
       ...,
       [0., 0., 0., ..., 0., 0., 0.],
       [0., 0., 0., ..., 0., 0., 0.],
       [0., 0., 0., ..., 0., 0., 0.]], dtype=float32), array([[1., 1., 0., ..., 1., 0., 1.],
       [1., 0., 1., ..., 1., 0., 1.],
       [1., 0., 0., ..., 0., 0., 1.],
       ...,
       [0., 1., 0., ..., 0., 1., 0.],
       [0., 1., 0., ..., 1., 0., 0.],
       [0., 0., 0., ..., 1., 0., 0.]], dtype=float32), array([[0., 1., 1., ..., 1., 0., 1.],
       [0., 0., 1., ..., 1., 1., 1.],
       [0., 0., 1., ..., 1., 0., 0.],
       ...,
       [0., 0., 0., ..., 1., 0., 0.],
       [1., 0., 0., ..., 1., 0., 0.],
       [0., 0., 0., ..., 0., 0., 0.]], dtype=float32), array([[0., 1., 0., ..., 0., 1., 0.],
       [0., 1., 0., ..., 0., 1., 0.],
       [1., 1., 0., ..., 1., 0., 0.],
       ...,
       [0., 1., 1., ..., 1., 0., 1.],
       [1., 1., 1., ..., 0., 1., 0.],
       [0., 0., 0., ..., 0., 0., 0.]], dtype=float32), array([[1., 1., 0., 0., 0., 0., 0.],
       [1., 0., 0., 0., 1., 0., 1.],
       [0., 0., 0., 0., 1., 0., 0.],
       [0., 0., 0., 1., 0., 0., 0.],
       [0., 0., 0., 1., 0., 0., 0.],
       [0., 0., 0., 0., 0., 1., 1.],
       [1., 1., 1., 0., 0., 0., 1.],
       [1., 0., 0., 1., 0., 1., 1.],
       [1., 1., 0., 0., 0., 0., 0.],
       [1., 0., 0., 0., 0., 1., 1.],
       [0., 1., 1., 0., 0., 0., 0.],
       [1., 1., 0., 0., 1., 0., 0.],
       [0., 1., 1., 0., 0., 0., 0.],
       [0., 0., 0., 0., 1., 0., 0.],
       [1., 1., 1., 0., 1., 0., 0.],
       [1., 1., 1., 0., 1., 0., 0.],
       [0., 0., 0., 0., 0., 0., 0.]], dtype=float32)]",113712.0,7828407.0,7721431.0,167317.0,366985492.0,7721369.0,13383.0,186520054.0,1593154.0,7791240.8,7708884.3,167430.8,361821297.0,7708821.4,13383.0,184928431.9,197549293.0,2308.6138120814694,1631.5217198132002,61.87226986120501,320998.2437653584,1630.916320491166,0.0,147723.82695756597,164955.63899155165,16.098924733752142,7.690182636021977,-1.8392730742749577,16.08792291017921,7.693589083847538,,10.774308605321952,-1187.9323447077554,"[11, 386, 401, 401, 16, 7]","[0, 385, 400, 400, 16, 7]","[[1399, 1], [53999, 21], [55999, 14], [2239, 1], [39, 0]]"
7,7.0,"[array([[0., 0., 0., ..., 1., 1., 0.],
       [0., 0., 0., ..., 0., 0., 0.],
       [0., 1., 0., ..., 0., 1., 0.],
       ...,
       [0., 0., 0., ..., 0., 0., 0.],
       [0., 0., 0., ..., 0., 0., 0.],
       [0., 0., 0., ..., 0., 0., 0.]], dtype=float32), array([[0., 1., 0., ..., 1., 0., 0.],
       [1., 0., 0., ..., 0., 0., 1.],
       [1., 0., 0., ..., 0., 0., 1.],
       ...,
       [0., 1., 0., ..., 0., 1., 0.],
       [0., 1., 0., ..., 1., 0., 0.],
       [0., 0., 0., ..., 1., 0., 0.]], dtype=float32), array([[0., 1., 1., ..., 1., 0., 1.],
       [0., 0., 1., ..., 1., 0., 1.],
       [0., 0., 1., ..., 1., 0., 0.],
       ...,
       [0., 0., 0., ..., 0., 0., 0.],
       [1., 0., 0., ..., 0., 0., 0.],
       [0., 0., 0., ..., 0., 0., 0.]], dtype=float32), array([[0., 1., 0., ..., 0., 0., 0.],
       [0., 0., 0., ..., 0., 0., 0.],
       [1., 1., 0., ..., 1., 0., 0.],
       ...,
       [0., 1., 1., ..., 1., 0., 0.],
       [1., 1., 1., ..., 0., 0., 0.],
       [0., 0., 0., ..., 0., 0., 0.]], dtype=float32), array([[1., 1., 0., 0., 0., 0., 0.],
       [1., 0., 0., 0., 1., 0., 0.],
       [0., 0., 0., 0., 1., 0., 0.],
       [0., 0., 0., 1., 0., 0., 0.],
       [0., 0., 0., 1., 0., 0., 0.],
       [0., 0., 0., 0., 0., 1., 1.],
       [0., 1., 1., 0., 0., 0., 1.],
       [0., 0., 0., 1., 0., 0., 0.],
       [1., 1., 0., 0., 0., 0., 0.],
       [0., 0., 0., 0., 0., 0., 0.],
       [0., 1., 1., 0., 0., 0., 0.],
       [1., 1., 0., 0., 1., 0., 0.],
       [0., 0., 1., 0., 0., 0., 0.],
       [0., 0., 0., 0., 1., 0., 0.],
       [0., 1., 1., 0., 1., 0., 0.],
       [1., 1., 0., 0., 0., 0., 0.],
       [0., 0., 0., 0., 0., 0., 0.]], dtype=float32)]",78613.0,3834621.0,3755403.0,156048.0,127990534.0,3755302.0,12655.0,46096285.0,43827639.0,3795657.0,3744461.1,156229.2,124159660.3,3744340.2,12655.0,45218823.8,48372404.9,1670.1633985265566,1674.6749900270866,60.0644098725138,163399.37422160193,1675.3934065367057,0.0,35394.465128510325,37533.505681812705,23.329453893178734,6.533745392485338,-3.016761512925992,23.444849273440784,6.542821499255826,,24.790915664754767,-121.08556921188999,"[11, 372, 401, 389, 15, 7]","[0, 371, 400, 388, 15, 7]","[[999, 1], [37243, 19], [38820, 12], [1491, 1], [27, 0]]"
8,8.0,"[array([[0., 0., 0., ..., 1., 0., 0.],
       [0., 0., 0., ..., 0., 0., 0.],
       [0., 0., 0., ..., 0., 1., 0.],
       ...,
       [0., 0., 0., ..., 0., 0., 0.],
       [0., 0., 0., ..., 0., 0., 0.],
       [0., 0., 0., ..., 0., 0., 0.]], dtype=float32), array([[0., 1., 0., ..., 0., 0., 0.],
       [0., 0., 0., ..., 0., 0., 0.],
       [0., 0., 0., ..., 0., 0., 0.],
       ...,
       [0., 1., 0., ..., 0., 1., 0.],
       [0., 1., 0., ..., 1., 0., 0.],
       [0., 0., 0., ..., 0., 0., 0.]], dtype=float32), array([[0., 0., 0., ..., 1., 0., 0.],
       [0., 0., 0., ..., 0., 0., 0.],
       [0., 0., 1., ..., 0., 0., 0.],
       ...,
       [0., 0., 0., ..., 0., 0., 0.],
       [0., 0., 0., ..., 0., 0., 0.],
       [0., 0., 0., ..., 0., 0., 0.]], dtype=float32), array([[0., 1., 0., ..., 0., 0., 0.],
       [0., 0., 0., ..., 0., 0., 0.],
       [1., 0., 0., ..., 1., 0., 0.],
       ...,
       [0., 1., 1., ..., 1., 0., 0.],
       [0., 0., 1., ..., 0., 0., 0.],
       [0., 0., 0., ..., 0., 0., 0.]], dtype=float32), array([[1., 0., 0., 0., 0., 0., 0.],
       [0., 0., 0., 0., 1., 0., 0.],
       [0., 0., 0., 0., 1., 0., 0.],
       [0., 0., 0., 1., 0., 0., 0.],
       [0., 0., 0., 1., 0., 0., 0.],
       [0., 0., 0., 0., 0., 1., 1.],
       [0., 1., 1., 0., 0., 0., 0.],
       [0., 0., 0., 0., 0., 0., 0.],
       [0., 1., 0., 0., 0., 0., 0.],
       [0., 0., 0., 0., 0., 0., 0.],
       [0., 1., 1., 0., 0., 0., 0.],
       [0., 0., 0., 0., 0., 0., 0.],
       [0., 0., 1., 0., 0., 0., 0.],
       [0., 0., 0., 0., 1., 0., 0.],
       [0., 1., 1., 0., 0., 0., 0.],
       [0., 0., 0., 0., 0., 0., 0.],
       [0., 0., 0., 0., 0., 0., 0.]], dtype=float32)]",38867.0,1059799.0,1022501.0,104895.0,20165242.0,1022400.0,9596.0,4213029.0,4545975.0,1040884.8,1014926.9,105189.0,19116556.8,1014814.7,9604.4,4031599.8,4401500.2,1009.055311775436,1047.0016926655105,25.90581230363393,56380.329824032306,1046.9265123313205,0.9660917830792958,12576.084144120538,8538.17106098646,18.74446304308171,7.234085725990991,-11.348804529042281,18.600196261232117,7.24530319048748,-8.694826047713288,14.426525611696102,16.921047724160715,"[10, 299, 401, 321, 12, 7]","[0, 298, 400, 321, 12, 7]","[[599, 1], [18185, 11], [19365, 8], [682, 0], [16, 0]]"
9,9.0,"[array([[0., 0., 0., ..., 1., 0., 0.],
       [0., 0., 0., ..., 0., 0., 0.],
       [0., 0., 0., ..., 0., 0., 0.],
       ...,
       [0., 0., 0., ..., 0., 0., 0.],
       [0., 0., 0., ..., 0., 0., 0.],
       [0., 0., 0., ..., 0., 0., 0.]], dtype=float32), array([[0., 1., 0., ..., 0., 0., 0.],
       [0., 0., 0., ..., 0., 0., 0.],
       [0., 0., 0., ..., 0., 0., 0.],
       ...,
       [0., 1., 0., ..., 0., 0., 0.],
       [0., 1., 0., ..., 1., 0., 0.],
       [0., 0., 0., ..., 0., 0., 0.]], dtype=float32), array([[0., 0., 0., ..., 1., 0., 0.],
       [0., 0., 0., ..., 0., 0., 0.],
       [0., 0., 0., ..., 0., 0., 0.],
       ...,
       [0., 0., 0., ..., 0., 0., 0.],
       [0., 0., 0., ..., 0., 0., 0.],
       [0., 0., 0., ..., 0., 0., 0.]], dtype=float32), array([[0., 0., 0., ..., 0., 0., 0.],
       [0., 0., 0., ..., 0., 0., 0.],
       [1., 0., 0., ..., 0., 0., 0.],
       ...,
       [0., 0., 0., ..., 1., 0., 0.],
       [0., 0., 0., ..., 0., 0., 0.],
       [0., 0., 0., ..., 0., 0., 0.]], dtype=float32), array([[1., 0., 0., 0., 0., 0., 0.],
       [0., 0., 0., 0., 0., 0., 0.],
       [0., 0., 0., 0., 0., 0., 0.],
       [0., 0., 0., 1., 0., 0., 0.],
       [0., 0., 0., 1., 0., 0., 0.],
       [0., 0., 0., 0., 0., 1., 1.],
       [0., 1., 0., 0., 0., 0., 0.],
       [0., 0., 0., 0., 0., 0., 0.],
       [0., 1., 0., 0., 0., 0., 0.],
       [0., 0., 0., 0., 0., 0., 0.],
       [0., 1., 0., 0., 0., 0., 0.],
       [0., 0., 0., 0., 0., 0., 0.],
       [0., 0., 1., 0., 0., 0., 0.],
       [0., 0., 0., 0., 1., 0., 0.],
       [0., 1., 0., 0., 0., 0., 0.],
       [0., 0., 0., 0., 0., 0., 0.],
       [0., 0., 0., 0., 0., 0., 0.]], dtype=float32)]",19158.0,307096.0,303014.0,57928.0,3670908.0,302927.0,6857.0,466630.0,526498.0,301356.3,296286.5,58330.6,3479268.6,296198.1,7083.9,428793.7,497552.7,528.183480325624,450.0008024684203,34.06921060299331,19107.508118247362,446.59363830867295,11.770490407984047,1017.7619291585063,2013.1365825497287,10.866867696167814,14.949973340263355,-11.817121467575953,10.029533878202955,15.067164918612649,-19.277021783739016,37.17598282663544,14.378209730479119,"[9, 229, 401, 226, 10, 7]","[0, 228, 400, 226, 10, 7]","[[399, 1], [9287, 8], [9087, 5], [360, 0], [11, 0]]"
10,10.0,"[array([[0., 0., 0., ..., 1., 0., 0.],
       [0., 0., 0., ..., 0., 0., 0.],
       [0., 0., 0., ..., 0., 1., 0.],
       ...,
       [0., 0., 0., ..., 0., 0., 0.],
       [0., 0., 0., ..., 0., 0., 0.],
       [0., 0., 0., ..., 0., 0., 0.]], dtype=float32), array([[0., 1., 0., ..., 0., 0., 0.],
       [0., 0., 0., ..., 0., 0., 0.],
       [0., 0., 0., ..., 0., 0., 0.],
       ...,
       [0., 1., 0., ..., 0., 0., 0.],
       [0., 1., 0., ..., 1., 0., 0.],
       [0., 0., 0., ..., 0., 0., 0.]], dtype=float32), array([[0., 0., 0., ..., 1., 0., 0.],
       [0., 0., 0., ..., 0., 0., 0.],
       [0., 0., 0., ..., 0., 0., 0.],
       ...,
       [0., 0., 0., ..., 0., 0., 0.],
       [0., 0., 0., ..., 0., 0., 0.],
       [0., 0., 0., ..., 0., 0., 0.]], dtype=float32), array([[0., 0., 0., ..., 0., 0., 0.],
       [0., 0., 0., ..., 0., 0., 0.],
       [1., 0., 0., ..., 0., 0., 0.],
       ...,
       [0., 0., 0., ..., 1., 0., 0.],
       [0., 0., 0., ..., 0., 0., 0.],
       [0., 0., 0., ..., 0., 0., 0.]], dtype=float32), array([[1., 0., 0., 0., 0., 0., 0.],
       [0., 0., 0., 0., 0., 0., 0.],
       [0., 0., 0., 0., 0., 0., 0.],
       [0., 0., 0., 1., 0., 0., 0.],
       [0., 0., 0., 1., 0., 0., 0.],
       [0., 0., 0., 0., 0., 1., 1.],
       [0., 0., 0., 0., 0., 0., 0.],
       [0., 0., 0., 0., 0., 0., 0.],
       [0., 1., 0., 0., 0., 0., 0.],
       [0., 0., 0., 0., 0., 0., 0.],
       [0., 1., 0., 0., 0., 0., 0.],
       [0., 0., 0., 0., 0., 0., 0.],
       [0., 0., 1., 0., 0., 0., 0.],
       [0., 0., 0., 0., 1., 0., 0.],
       [0., 1., 0., 0., 0., 0., 0.],
       [0., 0., 0., 0., 0., 0., 0.],
       [0., 0., 0., 0., 0., 0., 0.]], dtype=float32)]",15776.0,217510.0,207767.0,51935.0,2391327.0,207681.0,6173.0,229085.0,267775.0,211723.9,202462.4,52680.3,2177831.5,202366.5,6640.5,207227.8,245377.7,392.19395711815855,355.25302407032524,90.36475468283464,12886.449931355546,351.81600304704733,23.866527001453544,1388.4353143817045,1067.7487272033832,14.75315948903515,14.931892596500225,-8.247684648908557,16.56744108247523,15.10590750270478,-19.588103454328643,15.742325028468048,20.97618983696881,"[9, 246, 401, 198, 9, 7]","[0, 245, 400, 198, 9, 7]","[[434, 1], [8484, 4], [6568, 5], [270, 0], [10, 0]]"
11,11.0,"[array([[0., 0., 0., ..., 1., 0., 0.],
       [0., 0., 0., ..., 0., 0., 0.],
       [0., 0., 0., ..., 0., 0., 0.],
       ...,
       [0., 0., 0., ..., 0., 0., 0.],
       [0., 0., 0., ..., 0., 0., 0.],
       [0., 0., 0., ..., 0., 0., 0.]], dtype=float32), array([[0., 0., 0., ..., 0., 0., 0.],
       [0., 0., 0., ..., 0., 0., 0.],
       [0., 0., 0., ..., 0., 0., 0.],
       ...,
       [0., 0., 0., ..., 0., 0., 0.],
       [0., 1., 0., ..., 1., 0., 0.],
       [0., 0., 0., ..., 0., 0., 0.]], dtype=float32), array([[0., 0., 0., ..., 1., 0., 0.],
       [0., 0., 0., ..., 0., 0., 0.],
       [0., 0., 0., ..., 0., 0., 0.],
       ...,
       [0., 0., 0., ..., 0., 0., 0.],
       [0., 0., 0., ..., 0., 0., 0.],
       [0., 0., 0., ..., 0., 0., 0.]], dtype=float32), array([[0., 0., 0., ..., 0., 0., 0.],
       [0., 0., 0., ..., 0., 0., 0.],
       [1., 0., 0., ..., 0., 0., 0.],
       ...,
       [0., 0., 0., ..., 1., 0., 0.],
       [0., 0., 0., ..., 0., 0., 0.],
       [0., 0., 0., ..., 0., 0., 0.]], dtype=float32), array([[1., 0., 0., 0., 0., 0., 0.],
       [0., 0., 0., 0., 0., 0., 0.],
       [0., 0., 0., 0., 0., 0., 0.],
       [0., 0., 0., 1., 0., 0., 0.],
       [0., 0., 0., 0., 0., 0., 0.],
       [0., 0., 0., 0., 0., 1., 1.],
       [0., 0., 0., 0., 0., 0., 0.],
       [0., 0., 0., 0., 0., 0., 0.],
       [0., 1., 0., 0., 0., 0., 0.],
       [0., 0., 0., 0., 0., 0., 0.],
       [0., 1., 0., 0., 0., 0., 0.],
       [0., 0., 0., 0., 0., 0., 0.],
       [0., 0., 1., 0., 0., 0., 0.],
       [0., 0., 0., 0., 1., 0., 0.],
       [0., 0., 0., 0., 0., 0., 0.],
       [0., 0., 0., 0., 0., 0., 0.],
       [0., 0., 0., 0., 0., 0., 0.]], dtype=float32)]",10557.0,122310.0,111587.0,28721.0,1190380.0,111511.0,4275.0,87418.0,104907.0,119222.2,106808.7,29533.6,1098990.9,106736.3,4932.1,75383.5,89048.4,292.17490956236776,275.52860307255054,101.10522571393957,8643.701771939048,277.01786945971554,34.568611324276375,479.0133957764995,340.89920308892874,10.568327049797135,17.34230111398565,-8.037171118129098,10.57291220952186,17.236072204700655,-19.00857381385584,25.123514511512987,46.5199092761242,"[9, 195, 401, 137, 7, 7]","[0, 194, 400, 137, 7, 7]","[[319, 1], [5996, 4], [4067, 4], [158, 0], [8, 0]]"
12,12.0,"[array([[0., 0., 0., ..., 1., 0., 0.],
       [0., 0., 0., ..., 0., 0., 0.],
       [0., 0., 0., ..., 0., 0., 0.],
       ...,
       [0., 0., 0., ..., 0., 0., 0.],
       [0., 0., 0., ..., 0., 0., 0.],
       [0., 0., 0., ..., 0., 0., 0.]], dtype=float32), array([[0., 0., 0., ..., 0., 0., 0.],
       [0., 0., 0., ..., 0., 0., 0.],
       [0., 0., 0., ..., 0., 0., 0.],
       ...,
       [0., 0., 0., ..., 0., 0., 0.],
       [0., 1., 0., ..., 1., 0., 0.],
       [0., 0., 0., ..., 0., 0., 0.]], dtype=float32), array([[0., 0., 0., ..., 1., 0., 0.],
       [0., 0., 0., ..., 0., 0., 0.],
       [0., 0., 0., ..., 0., 0., 0.],
       ...,
       [0., 0., 0., ..., 0., 0., 0.],
       [0., 0., 0., ..., 0., 0., 0.],
       [0., 0., 0., ..., 0., 0., 0.]], dtype=float32), array([[0., 0., 0., ..., 0., 0., 0.],
       [0., 0., 0., ..., 0., 0., 0.],
       [1., 0., 0., ..., 0., 0., 0.],
       ...,
       [0., 0., 0., ..., 1., 0., 0.],
       [0., 0., 0., ..., 0., 0., 0.],
       [0., 0., 0., ..., 0., 0., 0.]], dtype=float32), array([[1., 0., 0., 0., 0., 0., 0.],
       [0., 0., 0., 0., 0., 0., 0.],
       [0., 0., 0., 0., 0., 0., 0.],
       [0., 0., 0., 1., 0., 0., 0.],
       [0., 0., 0., 0., 0., 0., 0.],
       [0., 0., 0., 0., 0., 1., 1.],
       [0., 0., 0., 0., 0., 0., 0.],
       [0., 0., 0., 0., 0., 0., 0.],
       [0., 1., 0., 0., 0., 0., 0.],
       [0., 0., 0., 0., 0., 0., 0.],
       [0., 0., 0., 0., 0., 0., 0.],
       [0., 0., 0., 0., 0., 0., 0.],
       [0., 0., 1., 0., 0., 0., 0.],
       [0., 0., 0., 0., 1., 0., 0.],
       [0., 0., 0., 0., 0., 0., 0.],
       [0., 0., 0., 0., 0., 0., 0.],
       [0., 0., 0., 0., 0., 0., 0.]], dtype=float32)]",7612.0,80943.0,64249.0,17601.0,754329.0,64182.0,3241.0,40765.0,47045.0,77714.0,60530.7,18330.7,667142.8,60469.5,3718.6,32790.0,35986.5,256.96303236068803,180.7570806973332,60.50720801873296,6380.281094469463,179.04018791569922,31.195441262395303,467.3466474565629,318.16426574962816,12.566009866616108,20.570701770881502,-12.059720220012242,13.664946529640277,20.735568048822785,-15.309929293281874,17.06442111739173,34.75720308798671,"[9, 176, 399, 94, 6, 7]","[0, 175, 398, 94, 6, 7]","[[279, 1], [4811, 4], [2409, 4], [97, 0], [7, 0]]"
